,Algorithm,Accuracy
0,RandomForestClassifier,0.7942318482774098
1,SVC,0.8152732577712939
2,KNN,0.7656828638761082
3,Logistic Regression,0.7822578835147571
4,AdaBoost,0.7882392548535518
5,GradientBoost,0.8032319604982605
6,Bagging,0.7912131073953541
7,ExtraTree,0.7566939737403209
8,DecisonTree,0.7341712490180676
